id,title,description,genre
1,Lost in Dimensions,A gripping tale of Lost in Dimensions.,Documentary
2,The Final Stand,A gripping tale of The Final Stand.,Comedy
3,Under the Stars,A gripping tale of Under the Stars.,Action
4,Echoes of the Past,A gripping tale of Echoes of the Past.,Reality
5,Mystery of the Abyss,A gripping tale of Mystery of the Abyss.,Sports
6,Beyond the Horizon,A gripping tale of Beyond the Horizon.,Fantasy
7,Shadows in the Mist,A gripping tale of Shadows in the Mist.,Thriller
8,Forgotten Realms,A gripping tale of Forgotten Realms.,Family
9,Guardians of Fate,A gripping tale of Guardians of Fate.,Historical
10,Whispers of the Old Gods,A gripping tale of Whispers of the Old Gods.,Educational
11,Chronicles of the Brave,A gripping tale of Chronicles of the Brave.,Music
12,Tales of the Unseen,A gripping tale of Tales of the Unseen.,Sports
13,Legends of the Ancient,A gripping tale of Legends of the Ancient.,Documentary
14,The Last Enclave,A gripping tale of The Last Enclave.,Documentary
15,A New Dawn,A gripping tale of A New Dawn.,SF
16,Rebellion of the Lost,A gripping tale of Rebellion of the Lost.,Horror
17,Secrets of the Deep,A gripping tale of Secrets of the Deep.,Romance
18,Echoes of Tomorrow,A gripping tale of Echoes of Tomorrow.,Mystery
19,The Silent Guardian,A gripping tale of The Silent Guardian.,Documentary
20,Pathways to the Unknown,A gripping tale of Pathways to the Unknown.,Travel
21,The Eternal Journey,A gripping tale of The Eternal Journey.,Documentary
22,Twilight of the Gods,A gripping tale of Twilight of the Gods.,Reality
23,Serenade of the Seas,A gripping tale of Serenade of the Seas.,Sports
24,Voyage through Time,A gripping tale of Voyage through Time.,SF
25,Realm of Shadows,A gripping tale of Realm of Shadows.,Thriller
26,Dance of the Fireflies,A gripping tale of Dance of the Fireflies.,Romance
27,The Uncharted Lands,A gripping tale of The Uncharted Lands.,Mystery
28,Mysteries Unveiled,A gripping tale of Mysteries Unveiled.,Educational
29,The Forgotten Kingdom,A gripping tale of The Forgotten Kingdom.,Food
30,Rise of the Phoenix,A gripping tale of Rise of the Phoenix.,Action
