id,nickname,Plan
1,grhodes,premium
2,taylorpatrick,free
3,sarabartlett,premium
4,tiffanymartinez,free
5,esanchez,premium
6,gary86,premium
7,sharonpitts,free
8,kathleen46,premium
9,taylorcory,premium
10,timothyfreeman,premium
11,andersonmiguel,premium
12,samuel96,premium
13,jodylewis,free
14,stephanieterrell,free
15,riveraricky,free
16,wolson,free
17,wbaker,premium
18,stewartjody,free
19,briggschristopher,free
20,thomas72,premium
21,zgutierrez,premium
22,johnsonpatricia,free
23,angelafleming,premium
24,ashley82,free
25,brittany89,free
26,gsantiago,free
27,ortiztina,free
28,eharvey,free
29,strongrobert,premium
30,floresmartin,free
31,smithrandall,premium
32,flee,premium
33,goldenerin,free
34,nicholas31,free
35,patricialopez,premium
36,wlewis,free
37,gravessherry,premium
38,idavidson,premium
39,jane44,premium
40,fpayne,premium
41,tyler07,free
42,teresa56,free
43,michellejimenez,free
44,shawn63,free
45,alex02,free
46,shawwilliam,free
47,joseph18,premium
48,rcole,free
49,floreslaura,premium
50,maryhawkins,free
51,jordanmccann,premium
52,katiebranch,premium
53,kfletcher,premium
54,ndickerson,premium
55,vincent49,free
56,cbennett,free
57,robertschelsea,premium
58,timbennett,free
59,wglover,free
60,seanwatson,premium
61,yingram,free
62,ycruz,premium
63,usmith,premium
64,sarahlee,free
65,amy78,free
66,eric47,premium
67,meganbautista,premium
68,katherinelong,free
69,jamieklein,free
70,samantha64,free
71,grimescaroline,free
72,kellybennett,free
73,joannemoore,premium
74,garciajames,premium
75,danielleli,free
76,jesse54,free
77,stricklandsean,premium
78,brandy62,free
79,madison37,premium
80,douglashector,free
81,wagnernathan,free
82,millerwyatt,free
83,joseph53,premium
84,hmatthews,free
85,christopher91,free
86,mfuller,premium
87,erik57,free
88,kayla18,free
89,moorealexa,free
90,jacobkim,free
91,hebertanna,free
92,nrice,free
93,wrightlaura,free
94,franklinchris,free
95,christopher02,free
96,jennifer07,free
97,elizabeth99,free
98,pamelajackson,free
99,qle,free
100,philippeters,premium
